name,iterations,real_time,cpu_time,time_unit,bytes_per_second,items_per_second,label,error_occurred,error_message
"BM_Demo1/4194301/64_mean",23,3.06805e+07,3.05073e+07,ns,,,,,
"BM_Demo1/4194301/64_stddev",0,594983,593290,ns,,,,,
"BM_Demo1/4194301/128_mean",17,3.96325e+07,3.94561e+07,ns,,,,,
"BM_Demo1/4194301/128_stddev",0,922422,917446,ns,,,,,
"BM_Demo1/4194301/256_mean",12,5.45946e+07,5.45926e+07,ns,,,,,
"BM_Demo1/4194301/256_stddev",0,905536,906086,ns,,,,,
"BM_Demo1/4194301/512_mean",8,8.74012e+07,8.7344e+07,ns,,,,,
"BM_Demo1/4194301/512_stddev",0,2.62453e+06,2.62935e+06,ns,,,,,
"BM_Demo1/4194301/1024_mean",5,1.52277e+08,1.52247e+08,ns,,,,,
"BM_Demo1/4194301/1024_stddev",0,2.31497e+06,2.29888e+06,ns,,,,,
"BM_Demo1/4194301/2048_mean",2,2.7691e+08,2.76893e+08,ns,,,,,
"BM_Demo1/4194301/2048_stddev",0,5.25383e+06,5.25203e+06,ns,,,,,
"BM_Demo1/4194301/4096_mean",1,5.19355e+08,5.19311e+08,ns,,,,,
"BM_Demo1/4194301/4096_stddev",0,9.8147e+06,9.80982e+06,ns,,,,,
